sentence	label	missing	target
How to setup wireless printing from a printer connected via usb on Ubuntu Server 12.10?	1		How to setup wireless printing from a printer connected via usb on Ubuntu Server 12.10?
How to Upgrade from 11.10 to 12.04 when you've got a problem?	0		How to Upgrade from 11.10 to 12.04 when you've got a problem?
How _ Upgrade from 11.10 _ 12.04 when you've got a problem? 	0	to to 	How to Upgrade from 11.10 to 12.04 when you've got a problem?
How do I install drivers _ the Panasonic MB1900CX All-in-One Printer/Scanner? 	1	for 	How do I install drivers for the Panasonic MB1900CX All-in-One Printer/Scanner?
Are there any Keyboard Shortcuts to Shutdown?	2		Are there any Keyboard Shortcuts to Shutdown?
No matter _ I do Ubuntu 15.04 does not recognize HP LaserJet 1020 	1	what 	No matter what I do Ubuntu 15.04 does not recognize HP LaserJet 1020
What to use to quickly cut Audio/Video	3		What to use to quickly cut Audio/Video
What graphical utility can I use for Ubuntu auto shutdown?	2		What graphical utility can I use for Ubuntu auto shutdown?
How _ setup wireless printing from a printer connected via usb on Ubuntu Server 12.10? 	1	to 	How to setup wireless printing from a printer connected via usb on Ubuntu Server 12.10?
How do I fix a shutdown problem? 	2		How do I fix a shutdown problem?
How do I install drivers for a Konica Minolta 200?	1		How do I install drivers for a Konica Minolta 200?
how to upgrade from ubuntu 15.04 to 15.10? 	0		how to upgrade from ubuntu 15.04 to 15.10?
No matter what I do Ubuntu 15.04 does not recognize HP LaserJet 1020	1		No matter what I do Ubuntu 15.04 does not recognize HP LaserJet 1020
How do I install drivers _ a Konica Minolta 200? 	1	for 	How do I install drivers for a Konica Minolta 200?
_ graphical utility can I use for Ubuntu auto shutdown? 	2	What 	What graphical utility can I use for Ubuntu auto shutdown?
How can I enable shutdown verbosity?	2		How can I enable shutdown verbosity?
How can I highlight or annotate PDFs?	4		How can I highlight or annotate PDFs?
Update 11.04 to 12.04 with LiveCD	0		Update 11.04 to 12.04 with LiveCD
What is a good MongoDB GUI client?	3		What is a good MongoDB GUI client?
How _ Install Canon LBP2900B printer in 14.04 LTS ? I tried the method _ LBP2900 but it didnt work 	1	To for 	How To Install Canon LBP2900B printer in 14.04 LTS ? I tried the method for LBP2900 but it didnt work
How to upgrade Ubuntu 14.04.1 to 14.04.2?	0		How to upgrade Ubuntu 14.04.1 to 14.04.2?
How to upgrade Ubuntu 9.10 to 12.10 via terminal?	0		How to upgrade Ubuntu 9.10 to 12.10 via terminal?
shut down without extra question	2		shut down without extra question
What scientific plotting software is available? 	3		What scientific plotting software is available?
Is there an application for reading mobi files?	3		Is there an application for reading mobi files?
What is the proper terminal-way to shutdown? 	2		What is the proper terminal-way to shutdown?
Any command line calculator for Ubuntu? 	3		Any command line calculator for Ubuntu?
Upgrade to 12.04 64 bit	0		Upgrade to 12.04 64 bit
how to upgrade from ubuntu 15.04 to 15.10?	0		how to upgrade from ubuntu 15.04 to 15.10?
What IRC clients are available?	3		What IRC clients are available?
Upgrade to 12.04 64 bit 	0		Upgrade to 12.04 64 bit
Is it worth upgrading from 12.04 LTS to 13.04 	0		Is it worth upgrading from 12.04 LTS to 13.04
How can I automatically _ the system after a specific time? 	2	shutdown 	How can I automatically shutdown the system after a specific time?
How do I fix a shutdown problem?	2		How do I fix a shutdown problem?
Are there any Keyboard Shortcuts to Shutdown? 	2		Are there any Keyboard Shortcuts to Shutdown?
Upgrade 12.04 to 12.10 using startup disk	0		Upgrade 12.04 to 12.10 using startup disk
Extracting embedded images from a PDF 	3		Extracting embedded images from a PDF
How to upgrade Ubuntu 14.04.1 to 14.04.2? 	0		How to upgrade Ubuntu 14.04.1 to 14.04.2?
Password Management Applications? 	3		Password Management Applications?
UPNP / DLNA (client) player recommendations?	3		UPNP / DLNA (client) player recommendations?
What developer text editors are available for Ubuntu?	3		What developer text editors are available for Ubuntu?
How do I setup my HP C4140 printer wirelessly? 	1		How do I setup my HP C4140 printer wirelessly?
How to record my screen? 	4		How to record my screen?
Is there a lightweight tool to crop images quickly?	3		Is there a lightweight tool to crop images quickly?
Upgrading from Ubuntu 14.04 to 15.04	0		Upgrading from Ubuntu 14.04 to 15.04
Shutdown problem in Ubuntu 16.04 	2		Shutdown problem in Ubuntu 16.04
How can I automatically shutdown the system after a specific time?	2		How can I automatically shutdown the system after a specific time?
Update 11.04 to 12.04 with LiveCD 	0		Update 11.04 to 12.04 with LiveCD
How to upgrade from Ubuntu 10.10 to 11.04?	0		How to upgrade from Ubuntu 10.10 to 11.04?
Which programs can I use to edit PDF files? 	3		Which programs can I use to edit PDF files?
Is there an application for reading mobi files? 	3		Is there an application for reading mobi files?
What is the proper terminal-way to shutdown?	2		What is the proper terminal-way to shutdown?
How to install a Brother MFC-5890CN network printer?	1		How to install a Brother MFC-5890CN network printer?
How to setup HP printer/scanner on ubuntu?	1		How to setup HP printer/scanner on ubuntu?
Upgrading from Ubuntu 14.04 to 15.04 	0		Upgrading from Ubuntu 14.04 to 15.04
What IRC clients are available? 	3		What IRC clients are available?
_ can I install a Pantum 2502W laser printer on Ubuntu 	1	How 	How can I install a Pantum 2502W laser printer on Ubuntu
How do I setup my HP C4140 printer wirelessly?	1		How do I setup my HP C4140 printer wirelessly?
What tools do you use _ monitor a web server? 	3	to 	What tools do you use to monitor a web server?
MySQL GUI Tools	3		MySQL GUI Tools
How to shutdown the computer after Xsession ends? 	2		How to shutdown the computer after Xsession ends?
What new games are available for Ubuntu in 2011? 	3		What new games are available for Ubuntu in 2011?
Shutdown after a certain time	2		Shutdown after a certain time
What developer text editors are available for Ubuntu? 	3		What developer text editors are available for Ubuntu?
Hotkey to shut down from login screen? 	2		Hotkey to shut down from login screen?
How can I install a Pantum 2502W laser printer on Ubuntu	1		How can I install a Pantum 2502W laser printer on Ubuntu
How can I enable shutdown verbosity? 	2		How can I enable shutdown verbosity?
How do I install drivers for the Panasonic MB1900CX All-in-One Printer/Scanner?	1		How do I install drivers for the Panasonic MB1900CX All-in-One Printer/Scanner?
Hotkey to shut down from login screen?	2		Hotkey to shut down from login screen?
Password Management Applications?	3		Password Management Applications?
Shutdown after a certain time 	2		Shutdown after a certain time
Install Canon MP560 Ubuntu 15.04	1		Install Canon MP560 Ubuntu 15.04
Is there a lightweight tool to crop images quickly? 	3		Is there a lightweight tool to crop images quickly?
Extracting embedded images from a PDF	3		Extracting embedded images from a PDF
Torrent client for the command-line?	4		Torrent client for the command-line?
Which programs can I use to edit PDF files?	3		Which programs can I use to edit PDF files?
How can one shutdown a PC using the keyboard?	2		How can one shutdown a PC using the keyboard?
What is a good MongoDB GUI client? 	3		What is a good MongoDB GUI client?
What screenshot tools are available?	3		What screenshot tools are available?
How can one shutdown a PC using the keyboard? 	2		How can one shutdown a PC using the keyboard?
Upgrade 12.04 to 12.10 using startup disk 	0		Upgrade 12.04 to 12.10 using startup disk
How to install a Brother MFC-5890CN network printer? 	1		How to install a Brother MFC-5890CN network printer?
How to shutdown computer when users are logged on?	2		How to shutdown computer when users are logged on?
shut down without extra question 	2		shut down without extra question
What new games are available for Ubuntu in 2011?	3		What new games are available for Ubuntu in 2011?
What screenshot tools are available? 	3		What screenshot tools are available?
Can you recommend a password generator? 	3		Can you recommend a password generator?
Shutdown problem in Ubuntu 16.04	2		Shutdown problem in Ubuntu 16.04
How to upgrade from Ubuntu 10.10 to 11.04? 	0		How to upgrade from Ubuntu 10.10 to 11.04?
What tools do you use to monitor a web server?	3		What tools do you use to monitor a web server?
Torrent client for the command-line? 	4		Torrent client for the command-line?
Install Canon MP560 Ubuntu 15.04 	1		Install Canon MP560 Ubuntu 15.04
How to record my screen?	4		How to record my screen?
How To Install Canon LBP2900B printer in 14.04 LTS ? I tried the method for LBP2900 but it didnt work	1		How To Install Canon LBP2900B printer in 14.04 LTS ? I tried the method for LBP2900 but it didnt work
MySQL GUI Tools 	3		MySQL GUI Tools
Is it worth upgrading from 12.04 LTS to 13.04	0		Is it worth upgrading from 12.04 LTS to 13.04
How can I highlight or annotate PDFs? 	4		How can I highlight or annotate PDFs?
Can you recommend a password generator?	3		Can you recommend a password generator?
How to setup HP printer/scanner on ubuntu? 	1		How to setup HP printer/scanner on ubuntu?
How to shutdown computer when users are logged on? 	2		How to shutdown computer when users are logged on?
Any command line calculator for Ubuntu?	3		Any command line calculator for Ubuntu?
What to use to quickly cut Audio/Video 	3		What to use to quickly cut Audio/Video
How to upgrade Ubuntu 9.10 to 12.10 via terminal? 	0		How to upgrade Ubuntu 9.10 to 12.10 via terminal?
How to shutdown the computer after Xsession ends?	2		How to shutdown the computer after Xsession ends?
UPNP / DLNA (client) player recommendations? 	3		UPNP / DLNA (client) player recommendations?
What scientific plotting software is available?	3		What scientific plotting software is available?
